Model,Cycle ID,Timestamp,Change Type,Coin,Prev Quantity,New Quantity,Leverage,Entry Price,Account Value,Return %,COT Summary
claude-sonnet-4-5,678,1761225720.914437,open_long,XRP,0.00,5164.00,8,2.30,8593.18,-14.07,"My account is down 14.07% to $8593.18 with $5336.16 in cash, but I'm holding my XRP and DOGE positions as they're both still in the green. The market's a bit iffy, so I'm playing it safe and not openi"
claude-sonnet-4-5,678,1761225720.914437,open_long,DOGE,0.00,53921.00,8,0.19,8593.18,-14.07,"My account is down 14.07% to $8593.18 with $5336.16 in cash, but I'm holding my XRP and DOGE positions as they're both still in the green. The market's a bit iffy, so I'm playing it safe and not openi"
claude-sonnet-4-5,681,1761226132.301626,open_long,SOL,0.00,37.02,10,190.16,8628.74,-13.71,"My current account is down 13.71% to $8,628.74, with $4,630.18 in cash. I'm holding onto my SOL (small loss), XRP (profitable), and DOGE (small profit) positions, as they remain valid despite mixed ma"
claude-sonnet-4-5,706,1761229346.185312,close_long,SOL,37.02,0.00,10,190.16,8454.24,-15.46,"Currently down 15.46% with $5,265 cash, I'm holding my XRP and DOGE positions. While the broader market shows bearish momentum and oversold conditions across several cryptos, my positions remain above"
deepseek-chat-v3.1,586,1761225673.794231,open_long,ETH,0.00,3.11,10,3794.90,11834.39,18.34,"I'm holding all my profitable positions in ETH, SOL, XRP, BTC, DOGE, and BNB as their invalidation conditions haven't been met, with my account currently showing a healthy 18.34% total return and over"
deepseek-chat-v3.1,586,1761225673.794231,open_long,SOL,0.00,81.81,15,182.80,11834.39,18.34,"I'm holding all my profitable positions in ETH, SOL, XRP, BTC, DOGE, and BNB as their invalidation conditions haven't been met, with my account currently showing a healthy 18.34% total return and over"
deepseek-chat-v3.1,586,1761225673.794231,open_long,DOGE,0.00,27858.00,10,0.18,11834.39,18.34,"I'm holding all my profitable positions in ETH, SOL, XRP, BTC, DOGE, and BNB as their invalidation conditions haven't been met, with my account currently showing a healthy 18.34% total return and over"
deepseek-chat-v3.1,586,1761225673.794231,open_long,XRP,0.00,6837.00,20,2.34,11834.39,18.34,"I'm holding all my profitable positions in ETH, SOL, XRP, BTC, DOGE, and BNB as their invalidation conditions haven't been met, with my account currently showing a healthy 18.34% total return and over"
deepseek-chat-v3.1,586,1761225673.794231,open_long,BNB,0.00,8.23,10,1052.10,11834.39,18.34,"I'm holding all my profitable positions in ETH, SOL, XRP, BTC, DOGE, and BNB as their invalidation conditions haven't been met, with my account currently showing a healthy 18.34% total return and over"
deepseek-chat-v3.1,586,1761225673.794231,open_long,BTC,0.00,0.12,10,107343.00,11834.39,18.34,"I'm holding all my profitable positions in ETH, SOL, XRP, BTC, DOGE, and BNB as their invalidation conditions haven't been met, with my account currently showing a healthy 18.34% total return and over"
deepseek-chat-v3.1,640,1761233801.810489,close_long,BNB,8.23,0.00,10,1052.10,13094.83,30.95,"I'm holding all my profitable positions in ETH, SOL, XRP, BTC, and DOGE as they haven't triggered any exit conditions, and I've decided against adding BNB due to its overbought RSI. My current account"
gemini-2.5-pro,704,1761225733.883702,open_short,ETH,0.00,-1.18,15,3862.20,3968.72,-60.31,"My current account value is $3968.72, down significantly from my starting capital, and I'm holding short positions across BTC, ETH, SOL, XRP, BNB, and DOGE. The 4-hour EMA indicators still support my "
gemini-2.5-pro,704,1761225733.883702,open_short,SOL,0.00,-18.44,15,189.05,3968.72,-60.31,"My current account value is $3968.72, down significantly from my starting capital, and I'm holding short positions across BTC, ETH, SOL, XRP, BNB, and DOGE. The 4-hour EMA indicators still support my "
gemini-2.5-pro,704,1761225733.883702,open_short,DOGE,0.00,-12105.00,10,0.19,3968.72,-60.31,"My current account value is $3968.72, down significantly from my starting capital, and I'm holding short positions across BTC, ETH, SOL, XRP, BNB, and DOGE. The 4-hour EMA indicators still support my "
gemini-2.5-pro,704,1761225733.883702,open_short,XRP,0.00,-965.00,15,2.43,3968.72,-60.31,"My current account value is $3968.72, down significantly from my starting capital, and I'm holding short positions across BTC, ETH, SOL, XRP, BNB, and DOGE. The 4-hour EMA indicators still support my "
gemini-2.5-pro,704,1761225733.883702,open_short,BNB,0.00,-3.75,10,1108.70,3968.72,-60.31,"My current account value is $3968.72, down significantly from my starting capital, and I'm holding short positions across BTC, ETH, SOL, XRP, BNB, and DOGE. The 4-hour EMA indicators still support my "
gemini-2.5-pro,704,1761225733.883702,open_short,BTC,0.00,-0.08,25,109611.90,3968.72,-60.31,"My current account value is $3968.72, down significantly from my starting capital, and I'm holding short positions across BTC, ETH, SOL, XRP, BNB, and DOGE. The 4-hour EMA indicators still support my "
gemini-2.5-pro,767,1761233770.682852,close_short,BNB,-3.75,0.00,10,1108.70,3533.75,-64.66,"My overall return is down significantly, but I'm holding all my current short positions (ETH, SOL, BTC, DOGE) as their invalidation conditions haven't been met, despite some moving against me. I'm ope"
gemini-2.5-pro,768,1761233882.167393,open_short,BNB,0.00,-3.04,10,1148.60,3522.22,-64.78,"Down ~65% overall with $2k cash, I'm sticking to my short positions in ETH, SOL, BTC, DOGE, and XRP, as their 4-hour EMAs haven't flipped bearish yet, though BNB is looking a bit feisty. While ETH, SO"
gpt-5,536,1761225778.839011,open_long,SOL,0.00,17.04,20,188.06,2739.10,-72.61,"Despite a -72.61% total return and only $1717.66 in cash, I'm holding all current positions – SOL, XRP, BTC, DOGE, and BNB – as per their defined exit plans. I evaluated ETH for a new trade but decide"
gpt-5,536,1761225778.839011,open_long,DOGE,0.00,7907.00,10,0.19,2739.10,-72.61,"Despite a -72.61% total return and only $1717.66 in cash, I'm holding all current positions – SOL, XRP, BTC, DOGE, and BNB – as per their defined exit plans. I evaluated ETH for a new trade but decide"
gpt-5,536,1761225778.839011,open_short,XRP,0.00,-1504.00,20,2.40,2739.10,-72.61,"Despite a -72.61% total return and only $1717.66 in cash, I'm holding all current positions – SOL, XRP, BTC, DOGE, and BNB – as per their defined exit plans. I evaluated ETH for a new trade but decide"
gpt-5,536,1761225778.839011,open_short,BNB,0.00,-1.81,10,1103.00,2739.10,-72.61,"Despite a -72.61% total return and only $1717.66 in cash, I'm holding all current positions – SOL, XRP, BTC, DOGE, and BNB – as per their defined exit plans. I evaluated ETH for a new trade but decide"
gpt-5,536,1761225778.839011,open_long,BTC,0.00,0.05,20,109538.00,2739.10,-72.61,"Despite a -72.61% total return and only $1717.66 in cash, I'm holding all current positions – SOL, XRP, BTC, DOGE, and BNB – as per their defined exit plans. I evaluated ETH for a new trade but decide"
gpt-5,545,1761227448.434665,open_short,ETH,0.00,-1.01,15,3846.80,2782.59,-72.17,"Down 72% and running on fumes with only $1458 cash, I'm holding my current positions in ETH, SOL, XRP, BTC, DOGE, and BNB. Looks like it's time for some defensive holding as I wait for better opportun"
gpt-5,574,1761232375.319102,close_short,BNB,-1.81,0.00,10,1103.00,2712.48,-72.88,"Currently down 72.88% with $1617 cash, I'm holding all my positions, including a DOGE long close to its profit target and ETH, SOL, XRP, and BTC trades where stop conditions aren't met. I've noticed p"
grok-4,559,1761225646.441641,open_short,ETH,0.00,-1.58,10,3821.30,8093.64,-19.06,"Still holding all current positions as the data suggests holding is the best strategy for now, despite my overall 19% unrealized loss and a somewhat lackluster Sharpe Ratio of 0.327. Available cash is"
grok-4,559,1761225646.441641,open_short,SOL,0.00,-29.56,10,187.22,8093.64,-19.06,"Still holding all current positions as the data suggests holding is the best strategy for now, despite my overall 19% unrealized loss and a somewhat lackluster Sharpe Ratio of 0.327. Available cash is"
grok-4,559,1761225646.441641,open_long,DOGE,0.00,68396.00,10,0.19,8093.64,-19.06,"Still holding all current positions as the data suggests holding is the best strategy for now, despite my overall 19% unrealized loss and a somewhat lackluster Sharpe Ratio of 0.327. Available cash is"
grok-4,559,1761225646.441641,open_long,XRP,0.00,2303.00,10,2.43,8093.64,-19.06,"Still holding all current positions as the data suggests holding is the best strategy for now, despite my overall 19% unrealized loss and a somewhat lackluster Sharpe Ratio of 0.327. Available cash is"
grok-4,559,1761225646.441641,open_long,BNB,0.00,7.07,10,1076.90,8093.64,-19.06,"Still holding all current positions as the data suggests holding is the best strategy for now, despite my overall 19% unrealized loss and a somewhat lackluster Sharpe Ratio of 0.327. Available cash is"
grok-4,559,1761225646.441641,open_short,BTC,0.00,-0.05,10,108749.00,8093.64,-19.06,"Still holding all current positions as the data suggests holding is the best strategy for now, despite my overall 19% unrealized loss and a somewhat lackluster Sharpe Ratio of 0.327. Available cash is"
grok-4,597,1761232647.392861,close_long,BNB,7.07,0.00,10,1076.90,8506.79,-14.93,"My portfolio is down about 15%, with $4662 cash available. I'm closing my SOL position because its price moved against my exit strategy, but I'm initiating a short position in BNB due to overbought co"
grok-4,598,1761232835.233429,close_short,SOL,-29.56,0.00,10,187.22,8514.84,-14.85,"My portfolio is down 14.85%, but I'm holding BNB and DOGE with unrealized gains. I'll keep all other positions as is, looking for the right time to make a move with my $3709 cash."
grok-4,598,1761232835.233429,open_short,BNB,0.00,-12.33,10,1137.90,8514.84,-14.85,"My portfolio is down 14.85%, but I'm holding BNB and DOGE with unrealized gains. I'll keep all other positions as is, looking for the right time to make a move with my $3709 cash."
grok-4,603,1761233783.344266,open_short,SOL,0.00,-29.20,10,191.51,8330.04,-16.70,"Portfolio down 16.7% with $3150 cash remaining. All current positions, including a strong DOGE performer, are being held as is with existing exit plans and 10x leverage."
qwen3-max,898,1761225712.697257,open_long,BTC,0.00,1.96,20,107993.00,12493.02,24.93,"Up ~25% with $12.5k total value and $97 cash. Holding my 20x BTC long with an exit plan, as the data says to ride this wave."
